--
-- PostgreSQL database dump
--

\restrict 228DVahB6MpK2bFc9VsRl7gYl3o3Okq7xje1xQgHydGadxOSJsj3lh6nVFLQQ6r

-- Dumped from database version 18.0
-- Dumped by pg_dump version 18.0

-- Started on 2025-11-26 13:14:31

SET statement_timeout = 0;
SET lock_timeout = 0;
SET idle_in_transaction_session_timeout = 0;
SET transaction_timeout = 0;
SET client_encoding = 'UTF8';
SET standard_conforming_strings = on;
SELECT pg_catalog.set_config('search_path', '', false);
SET check_function_bodies = false;
SET xmloption = content;
SET client_min_messages = warning;
SET row_security = off;

--
-- TOC entry 5014 (class 1262 OID 17055)
-- Name: SMtestdb; Type: DATABASE; Schema: -; Owner: postgres
--

CREATE DATABASE "SMtestdb" WITH TEMPLATE = template0 ENCODING = 'UTF8' LOCALE_PROVIDER = libc LOCALE = 'Hungarian_Hungary.1250';


ALTER DATABASE "SMtestdb" OWNER TO postgres;

\unrestrict 228DVahB6MpK2bFc9VsRl7gYl3o3Okq7xje1xQgHydGadxOSJsj3lh6nVFLQQ6r
\connect "SMtestdb"
\restrict 228DVahB6MpK2bFc9VsRl7gYl3o3Okq7xje1xQgHydGadxOSJsj3lh6nVFLQQ6r

SET statement_timeout = 0;
SET lock_timeout = 0;
SET idle_in_transaction_session_timeout = 0;
SET transaction_timeout = 0;
SET client_encoding = 'UTF8';
SET standard_conforming_strings = on;
SELECT pg_catalog.set_config('search_path', '', false);
SET check_function_bodies = false;
SET xmloption = content;
SET client_min_messages = warning;
SET row_security = off;

--
-- TOC entry 4 (class 2615 OID 2200)
-- Name: public; Type: SCHEMA; Schema: -; Owner: pg_database_owner
--

CREATE SCHEMA public;


ALTER SCHEMA public OWNER TO pg_database_owner;

--
-- TOC entry 5015 (class 0 OID 0)
-- Dependencies: 4
-- Name: SCHEMA public; Type: COMMENT; Schema: -; Owner: pg_database_owner
--

COMMENT ON SCHEMA public IS 'standard public schema';


SET default_tablespace = '';

SET default_table_access_method = heap;

--
-- TOC entry 224 (class 1259 OID 17120)
-- Name: Beadas; Type: TABLE; Schema: public; Owner: postgres
--

CREATE TABLE public."Beadas" (
    id integer NOT NULL,
    feladat_id integer NOT NULL,
    felhasznalo_id integer NOT NULL,
    tanar_id integer NOT NULL,
    pontszam integer,
    jegy integer,
    statusz text DEFAULT 'hiányzik'::text,
    visszajelzes text,
    bekuldes_idopont timestamp without time zone DEFAULT now(),
    ertekeles_idopont timestamp without time zone
);


ALTER TABLE public."Beadas" OWNER TO postgres;

--
-- TOC entry 222 (class 1259 OID 17094)
-- Name: Feladat; Type: TABLE; Schema: public; Owner: postgres
--

CREATE TABLE public."Feladat" (
    id integer NOT NULL,
    projekt_id integer NOT NULL,
    feladat_nev text NOT NULL,
    feladat_leiras text,
    letrehozo_id integer NOT NULL,
    felelos_id integer,
    prioritas text DEFAULT 'közepes'::text,
    statusz text DEFAULT 'folyamatban'::text,
    hatarido timestamp without time zone,
    letrehozas_idopont timestamp without time zone DEFAULT now(),
    modositas_idopont timestamp without time zone
);


ALTER TABLE public."Feladat" OWNER TO postgres;

--
-- TOC entry 223 (class 1259 OID 17108)
-- Name: FeladatKomment; Type: TABLE; Schema: public; Owner: postgres
--

CREATE TABLE public."FeladatKomment" (
    id integer NOT NULL,
    feladat_id integer NOT NULL,
    felhasznalo_id integer NOT NULL,
    komment_szoveg text NOT NULL,
    letrehozas_idopont timestamp without time zone DEFAULT now()
);


ALTER TABLE public."FeladatKomment" OWNER TO postgres;

--
-- TOC entry 219 (class 1259 OID 17056)
-- Name: Felhasznalo; Type: TABLE; Schema: public; Owner: postgres
--

CREATE TABLE public."Felhasznalo" (
    id integer NOT NULL,
    felhasznalonev text NOT NULL,
    jelszo text NOT NULL,
    email text NOT NULL,
    teljes_nev text,
    szerep_tipus text NOT NULL,
    letrehozas_idopont timestamp without time zone DEFAULT now(),
    utolso_bejelentkezes timestamp without time zone,
    elerheto boolean DEFAULT true,
    aktiv boolean DEFAULT true
);


ALTER TABLE public."Felhasznalo" OWNER TO postgres;

--
-- TOC entry 229 (class 1259 OID 17277)
-- Name: Felhasznalo_id_seq; Type: SEQUENCE; Schema: public; Owner: postgres
--

ALTER TABLE public."Felhasznalo" ALTER COLUMN id ADD GENERATED BY DEFAULT AS IDENTITY (
    SEQUENCE NAME public."Felhasznalo_id_seq"
    START WITH 1
    INCREMENT BY 1
    NO MINVALUE
    NO MAXVALUE
    CACHE 1
);


--
-- TOC entry 225 (class 1259 OID 17133)
-- Name: File; Type: TABLE; Schema: public; Owner: postgres
--

CREATE TABLE public."File" (
    id integer NOT NULL,
    beadas_id integer,
    felhasznalo_id integer NOT NULL,
    file_nev text NOT NULL,
    file_meret integer,
    file_tipus text,
    feltoltes_idopont timestamp without time zone DEFAULT now(),
    file_eleresiut text
);


ALTER TABLE public."File" OWNER TO postgres;

--
-- TOC entry 228 (class 1259 OID 17166)
-- Name: Naplo; Type: TABLE; Schema: public; Owner: postgres
--

CREATE TABLE public."Naplo" (
    id integer NOT NULL,
    felhasznalo_id integer NOT NULL,
    projekt_id integer,
    feladat_id integer,
    muvelet text NOT NULL,
    leiras text,
    idopont timestamp without time zone DEFAULT now()
);


ALTER TABLE public."Naplo" OWNER TO postgres;

--
-- TOC entry 220 (class 1259 OID 17075)
-- Name: Projekt; Type: TABLE; Schema: public; Owner: postgres
--

CREATE TABLE public."Projekt" (
    id integer NOT NULL,
    projekt_nev text NOT NULL,
    leiras text,
    letrehozo_id integer NOT NULL,
    statusz text,
    letrehozas_idopont timestamp without time zone DEFAULT now(),
    hatarido timestamp without time zone
);


ALTER TABLE public."Projekt" OWNER TO postgres;

--
-- TOC entry 221 (class 1259 OID 17086)
-- Name: ProjektTag; Type: TABLE; Schema: public; Owner: postgres
--

CREATE TABLE public."ProjektTag" (
    projekt_id integer NOT NULL,
    felhasznalo_id integer NOT NULL,
    csatlakozas_idopont timestamp without time zone DEFAULT now()
);


ALTER TABLE public."ProjektTag" OWNER TO postgres;

--
-- TOC entry 227 (class 1259 OID 17156)
-- Name: Statisztika; Type: TABLE; Schema: public; Owner: postgres
--

CREATE TABLE public."Statisztika" (
    id integer NOT NULL,
    felhasznalo_id integer,
    projekt_id integer,
    statisztika_nev text NOT NULL,
    ertek integer,
    meresi_idopont timestamp without time zone DEFAULT now(),
    pontszam integer
);


ALTER TABLE public."Statisztika" OWNER TO postgres;

--
-- TOC entry 226 (class 1259 OID 17144)
-- Name: Uzenet; Type: TABLE; Schema: public; Owner: postgres
--

CREATE TABLE public."Uzenet" (
    id integer NOT NULL,
    kuldo_id integer NOT NULL,
    fogado_id integer,
    projekt_id integer,
    uzenet_tartalom text NOT NULL,
    allapot text DEFAULT 'elküldve'::text,
    kuldes_ideje timestamp without time zone DEFAULT now()
);


ALTER TABLE public."Uzenet" OWNER TO postgres;

--
-- TOC entry 5003 (class 0 OID 17120)
-- Dependencies: 224
-- Data for Name: Beadas; Type: TABLE DATA; Schema: public; Owner: postgres
--

INSERT INTO public."Beadas" (id, feladat_id, felhasznalo_id, tanar_id, pontszam, jegy, statusz, visszajelzes, bekuldes_idopont, ertekeles_idopont) VALUES (1, 2, 4, 1, 85, 5, 'elfogadva', 'Szép munka, reszponzív design.', '2025-11-07 11:13:42.401066', '2024-06-06 10:00:00');
INSERT INTO public."Beadas" (id, feladat_id, felhasznalo_id, tanar_id, pontszam, jegy, statusz, visszajelzes, bekuldes_idopont, ertekeles_idopont) VALUES (2, 3, 5, 2, NULL, NULL, 'beküldve', NULL, '2025-11-07 11:13:42.401066', NULL);


--
-- TOC entry 5001 (class 0 OID 17094)
-- Dependencies: 222
-- Data for Name: Feladat; Type: TABLE DATA; Schema: public; Owner: postgres
--

INSERT INTO public."Feladat" (id, projekt_id, feladat_nev, feladat_leiras, letrehozo_id, felelos_id, prioritas, statusz, hatarido, letrehozas_idopont, modositas_idopont) VALUES (1, 1, 'Frontend készítés', 'React alkalmazás fejlesztése', 1, 3, 'magas', 'folyamatban', '2024-06-10 23:59:00', '2025-11-07 11:13:42.39724', NULL);
INSERT INTO public."Feladat" (id, projekt_id, feladat_nev, feladat_leiras, letrehozo_id, felelos_id, prioritas, statusz, hatarido, letrehozas_idopont, modositas_idopont) VALUES (2, 1, 'Backend API', 'Node.js REST API implementálása', 1, 4, 'közepes', 'elvégzve', '2024-06-05 23:59:00', '2025-11-07 11:13:42.39724', NULL);
INSERT INTO public."Feladat" (id, projekt_id, feladat_nev, feladat_leiras, letrehozo_id, felelos_id, prioritas, statusz, hatarido, letrehozas_idopont, modositas_idopont) VALUES (3, 2, 'Indextervezés', 'Táblák indexelése a gyorsabb elérésért', 2, 5, 'magas', 'folyamatban', '2024-07-01 23:59:00', '2025-11-07 11:13:42.39724', NULL);


--
-- TOC entry 5002 (class 0 OID 17108)
-- Dependencies: 223
-- Data for Name: FeladatKomment; Type: TABLE DATA; Schema: public; Owner: postgres
--

INSERT INTO public."FeladatKomment" (id, feladat_id, felhasznalo_id, komment_szoveg, letrehozas_idopont) VALUES (1, 1, 3, 'Az alap komponensek elkészültek.', '2025-11-07 11:13:42.399188');
INSERT INTO public."FeladatKomment" (id, feladat_id, felhasznalo_id, komment_szoveg, letrehozas_idopont) VALUES (2, 1, 1, 'Kérlek folytasd a státuszkezeléssel.', '2025-11-07 11:13:42.399188');
INSERT INTO public."FeladatKomment" (id, feladat_id, felhasznalo_id, komment_szoveg, letrehozas_idopont) VALUES (3, 3, 5, 'Megvan a fő tábla indexelve.', '2025-11-07 11:13:42.399188');


--
-- TOC entry 4998 (class 0 OID 17056)
-- Dependencies: 219
-- Data for Name: Felhasznalo; Type: TABLE DATA; Schema: public; Owner: postgres
--

INSERT INTO public."Felhasznalo" (id, felhasznalonev, jelszo, email, teljes_nev, szerep_tipus, letrehozas_idopont, utolso_bejelentkezes, elerheto, aktiv) VALUES (2, 'tanar_eva', '$2a$10$EQmzyt3sZRI2pDkCltyc4u0G8XgySg5gagvhLLVh1SC5fXsMvHPPy', 'eva.tanar@iskola.hu', 'Kiss Éva', 'tanar', '2025-11-07 11:13:42.386328', '2024-05-19 14:22:00', true, true);
INSERT INTO public."Felhasznalo" (id, felhasznalonev, jelszo, email, teljes_nev, szerep_tipus, letrehozas_idopont, utolso_bejelentkezes, elerheto, aktiv) VALUES (3, 'diak_peter', '$2a$10$0X0s1Yj8Vq5FPhNpt6Z73OR4RuXvpLaf8B4APJY1tui7daclpmykC', 'peter.diak@iskola.hu', 'Kovács Péter', 'diak', '2025-11-07 11:13:42.386328', '2024-05-21 09:15:00', true, true);
INSERT INTO public."Felhasznalo" (id, felhasznalonev, jelszo, email, teljes_nev, szerep_tipus, letrehozas_idopont, utolso_bejelentkezes, elerheto, aktiv) VALUES (5, 'diak_zoltan', '$2a$10$6lY60rykZ7AULBOZ3UMpa.0exXoU26fa6AUJEIjNTn56clZaz9PLK', 'zoltan.diak@iskola.hu', 'Tóth Zoltán', 'diak', '2025-11-07 11:13:42.386328', '2024-05-21 11:05:00', true, true);
INSERT INTO public."Felhasznalo" (id, felhasznalonev, jelszo, email, teljes_nev, szerep_tipus, letrehozas_idopont, utolso_bejelentkezes, elerheto, aktiv) VALUES (1, 'tanar_janos', '$2a$10$c79PHSHvM90rpv1TnnF0SOjfqCgBYGYQa4z.fvuEWwlYybpMLnt1q', 'janos.tanar@iskola.hu', 'Nagy János', 'tanar', '2025-11-07 11:13:42.386328', '2025-11-14 09:29:27.919332', true, true);
INSERT INTO public."Felhasznalo" (id, felhasznalonev, jelszo, email, teljes_nev, szerep_tipus, letrehozas_idopont, utolso_bejelentkezes, elerheto, aktiv) VALUES (4, 'diak_anna', '$2a$10$p2ncP2UCMzFEvEVPc8jxWO0l3p/oe22dgAwfmCU5OuAFMAX3F0iMe', 'anna.diak@iskola.hu', 'Szabó Anna', 'diak', '2025-11-07 11:13:42.386328', '2025-11-14 09:29:44.044143', true, true);
INSERT INTO public."Felhasznalo" (id, felhasznalonev, jelszo, email, teljes_nev, szerep_tipus, letrehozas_idopont, utolso_bejelentkezes, elerheto, aktiv) VALUES (6, 'diak_mark', '$2a$10$61.7U2bTVJVhvrRX/UOUT.HXzl.BpnI89dCIgyJ.AEVRnmOKF5w8e', 'mark.diak@iskola.hu', 'Magyar Márk', 'diak', '2025-11-14 13:19:53.011461', '2025-11-18 08:58:05.007663', true, true);
INSERT INTO public."Felhasznalo" (id, felhasznalonev, jelszo, email, teljes_nev, szerep_tipus, letrehozas_idopont, utolso_bejelentkezes, elerheto, aktiv) VALUES (7, 'diak_robi', '$2a$10$6KWR4lyi2CCReW3Yxn9dR.yVVlrQZjrnge.ZftXRfHe66C0xkHBp2', 'robi.diak@iskola.hu', 'Sutús Róbert', 'diak', '2025-11-18 10:39:56.449251', '2025-11-26 12:37:14.942626', true, true);


--
-- TOC entry 5004 (class 0 OID 17133)
-- Dependencies: 225
-- Data for Name: File; Type: TABLE DATA; Schema: public; Owner: postgres
--

INSERT INTO public."File" (id, beadas_id, felhasznalo_id, file_nev, file_meret, file_tipus, feltoltes_idopont, file_eleresiut) VALUES (1, 1, 4, 'backend_code.zip', 2048, 'application/zip', '2025-11-07 11:13:42.403031', NULL);
INSERT INTO public."File" (id, beadas_id, felhasznalo_id, file_nev, file_meret, file_tipus, feltoltes_idopont, file_eleresiut) VALUES (2, 2, 5, 'index_design.pdf', 512, 'application/pdf', '2025-11-07 11:13:42.403031', NULL);


--
-- TOC entry 5007 (class 0 OID 17166)
-- Dependencies: 228
-- Data for Name: Naplo; Type: TABLE DATA; Schema: public; Owner: postgres
--

INSERT INTO public."Naplo" (id, felhasznalo_id, projekt_id, feladat_id, muvelet, leiras, idopont) VALUES (1, 3, 1, 1, 'Létrehozás', 'Feladat létrehozva és hozzárendelve.', '2025-11-07 11:13:42.411569');
INSERT INTO public."Naplo" (id, felhasznalo_id, projekt_id, feladat_id, muvelet, leiras, idopont) VALUES (2, 4, 1, 2, 'Beadás', 'API kód beküldve.', '2025-11-07 11:13:42.411569');


--
-- TOC entry 4999 (class 0 OID 17075)
-- Dependencies: 220
-- Data for Name: Projekt; Type: TABLE DATA; Schema: public; Owner: postgres
--

INSERT INTO public."Projekt" (id, projekt_nev, leiras, letrehozo_id, statusz, letrehozas_idopont, hatarido) VALUES (1, 'Weboldal fejlesztés', 'Egy tanulmányi portál létrehozása', 1, 'folyamatban', '2025-11-07 11:13:42.392914', '2024-06-30 23:59:00');
INSERT INTO public."Projekt" (id, projekt_nev, leiras, letrehozo_id, statusz, letrehozas_idopont, hatarido) VALUES (2, 'Adatbázis optimalizálás', 'Lekérdezések gyorsítása és indexelés', 2, 'tervezés', '2025-11-07 11:13:42.392914', '2024-07-15 23:59:00');


--
-- TOC entry 5000 (class 0 OID 17086)
-- Dependencies: 221
-- Data for Name: ProjektTag; Type: TABLE DATA; Schema: public; Owner: postgres
--

INSERT INTO public."ProjektTag" (projekt_id, felhasznalo_id, csatlakozas_idopont) VALUES (1, 3, '2025-11-07 11:13:42.395066');
INSERT INTO public."ProjektTag" (projekt_id, felhasznalo_id, csatlakozas_idopont) VALUES (1, 4, '2025-11-07 11:13:42.395066');
INSERT INTO public."ProjektTag" (projekt_id, felhasznalo_id, csatlakozas_idopont) VALUES (1, 5, '2025-11-07 11:13:42.395066');
INSERT INTO public."ProjektTag" (projekt_id, felhasznalo_id, csatlakozas_idopont) VALUES (2, 3, '2025-11-07 11:13:42.395066');
INSERT INTO public."ProjektTag" (projekt_id, felhasznalo_id, csatlakozas_idopont) VALUES (2, 4, '2025-11-07 11:13:42.395066');


--
-- TOC entry 5006 (class 0 OID 17156)
-- Dependencies: 227
-- Data for Name: Statisztika; Type: TABLE DATA; Schema: public; Owner: postgres
--

INSERT INTO public."Statisztika" (id, felhasznalo_id, projekt_id, statisztika_nev, ertek, meresi_idopont, pontszam) VALUES (1, 3, 1, 'elkészült_feladatok', 5, '2025-11-07 11:13:42.409537', 92);
INSERT INTO public."Statisztika" (id, felhasznalo_id, projekt_id, statisztika_nev, ertek, meresi_idopont, pontszam) VALUES (2, 4, 1, 'elkészült_feladatok', 3, '2025-11-07 11:13:42.409537', 85);


--
-- TOC entry 5005 (class 0 OID 17144)
-- Dependencies: 226
-- Data for Name: Uzenet; Type: TABLE DATA; Schema: public; Owner: postgres
--

INSERT INTO public."Uzenet" (id, kuldo_id, fogado_id, projekt_id, uzenet_tartalom, allapot, kuldes_ideje) VALUES (1, 1, 3, 1, 'Kérlek küldd el a frontend haladást.', 'elküldve', '2025-11-07 11:13:42.407378');
INSERT INTO public."Uzenet" (id, kuldo_id, fogado_id, projekt_id, uzenet_tartalom, allapot, kuldes_ideje) VALUES (2, 3, 1, 1, 'Megvan az első verzió, holnap feltöltöm.', 'elküldve', '2025-11-07 11:13:42.407378');


--
-- TOC entry 5016 (class 0 OID 0)
-- Dependencies: 229
-- Name: Felhasznalo_id_seq; Type: SEQUENCE SET; Schema: public; Owner: postgres
--

SELECT pg_catalog.setval('public."Felhasznalo_id_seq"', 7, true);


--
-- TOC entry 4822 (class 2606 OID 17132)
-- Name: Beadas Beadas_pkey; Type: CONSTRAINT; Schema: public; Owner: postgres
--

ALTER TABLE ONLY public."Beadas"
    ADD CONSTRAINT "Beadas_pkey" PRIMARY KEY (id);


--
-- TOC entry 4820 (class 2606 OID 17119)
-- Name: FeladatKomment FeladatKomment_pkey; Type: CONSTRAINT; Schema: public; Owner: postgres
--

ALTER TABLE ONLY public."FeladatKomment"
    ADD CONSTRAINT "FeladatKomment_pkey" PRIMARY KEY (id);


--
-- TOC entry 4818 (class 2606 OID 17107)
-- Name: Feladat Feladat_pkey; Type: CONSTRAINT; Schema: public; Owner: postgres
--

ALTER TABLE ONLY public."Feladat"
    ADD CONSTRAINT "Feladat_pkey" PRIMARY KEY (id);


--
-- TOC entry 4808 (class 2606 OID 17074)
-- Name: Felhasznalo Felhasznalo_email_key; Type: CONSTRAINT; Schema: public; Owner: postgres
--

ALTER TABLE ONLY public."Felhasznalo"
    ADD CONSTRAINT "Felhasznalo_email_key" UNIQUE (email);


--
-- TOC entry 4810 (class 2606 OID 17072)
-- Name: Felhasznalo Felhasznalo_felhasznalonev_key; Type: CONSTRAINT; Schema: public; Owner: postgres
--

ALTER TABLE ONLY public."Felhasznalo"
    ADD CONSTRAINT "Felhasznalo_felhasznalonev_key" UNIQUE (felhasznalonev);


--
-- TOC entry 4812 (class 2606 OID 17070)
-- Name: Felhasznalo Felhasznalo_pkey; Type: CONSTRAINT; Schema: public; Owner: postgres
--

ALTER TABLE ONLY public."Felhasznalo"
    ADD CONSTRAINT "Felhasznalo_pkey" PRIMARY KEY (id);


--
-- TOC entry 4824 (class 2606 OID 17143)
-- Name: File File_pkey; Type: CONSTRAINT; Schema: public; Owner: postgres
--

ALTER TABLE ONLY public."File"
    ADD CONSTRAINT "File_pkey" PRIMARY KEY (id);


--
-- TOC entry 4830 (class 2606 OID 17176)
-- Name: Naplo Naplo_pkey; Type: CONSTRAINT; Schema: public; Owner: postgres
--

ALTER TABLE ONLY public."Naplo"
    ADD CONSTRAINT "Naplo_pkey" PRIMARY KEY (id);


--
-- TOC entry 4816 (class 2606 OID 17093)
-- Name: ProjektTag ProjektTag_pkey; Type: CONSTRAINT; Schema: public; Owner: postgres
--

ALTER TABLE ONLY public."ProjektTag"
    ADD CONSTRAINT "ProjektTag_pkey" PRIMARY KEY (projekt_id, felhasznalo_id);


--
-- TOC entry 4814 (class 2606 OID 17085)
-- Name: Projekt Projekt_pkey; Type: CONSTRAINT; Schema: public; Owner: postgres
--

ALTER TABLE ONLY public."Projekt"
    ADD CONSTRAINT "Projekt_pkey" PRIMARY KEY (id);


--
-- TOC entry 4828 (class 2606 OID 17165)
-- Name: Statisztika Statisztika_pkey; Type: CONSTRAINT; Schema: public; Owner: postgres
--

ALTER TABLE ONLY public."Statisztika"
    ADD CONSTRAINT "Statisztika_pkey" PRIMARY KEY (id);


--
-- TOC entry 4826 (class 2606 OID 17155)
-- Name: Uzenet Uzenet_pkey; Type: CONSTRAINT; Schema: public; Owner: postgres
--

ALTER TABLE ONLY public."Uzenet"
    ADD CONSTRAINT "Uzenet_pkey" PRIMARY KEY (id);


--
-- TOC entry 4838 (class 2606 OID 17212)
-- Name: Beadas Beadas_feladat_id_fkey; Type: FK CONSTRAINT; Schema: public; Owner: postgres
--

ALTER TABLE ONLY public."Beadas"
    ADD CONSTRAINT "Beadas_feladat_id_fkey" FOREIGN KEY (feladat_id) REFERENCES public."Feladat"(id);


--
-- TOC entry 4839 (class 2606 OID 17217)
-- Name: Beadas Beadas_felhasznalo_id_fkey; Type: FK CONSTRAINT; Schema: public; Owner: postgres
--

ALTER TABLE ONLY public."Beadas"
    ADD CONSTRAINT "Beadas_felhasznalo_id_fkey" FOREIGN KEY (felhasznalo_id) REFERENCES public."Felhasznalo"(id);


--
-- TOC entry 4840 (class 2606 OID 17222)
-- Name: Beadas Beadas_tanar_id_fkey; Type: FK CONSTRAINT; Schema: public; Owner: postgres
--

ALTER TABLE ONLY public."Beadas"
    ADD CONSTRAINT "Beadas_tanar_id_fkey" FOREIGN KEY (tanar_id) REFERENCES public."Felhasznalo"(id);


--
-- TOC entry 4836 (class 2606 OID 17202)
-- Name: FeladatKomment FeladatKomment_feladat_id_fkey; Type: FK CONSTRAINT; Schema: public; Owner: postgres
--

ALTER TABLE ONLY public."FeladatKomment"
    ADD CONSTRAINT "FeladatKomment_feladat_id_fkey" FOREIGN KEY (feladat_id) REFERENCES public."Feladat"(id);


--
-- TOC entry 4837 (class 2606 OID 17207)
-- Name: FeladatKomment FeladatKomment_felhasznalo_id_fkey; Type: FK CONSTRAINT; Schema: public; Owner: postgres
--

ALTER TABLE ONLY public."FeladatKomment"
    ADD CONSTRAINT "FeladatKomment_felhasznalo_id_fkey" FOREIGN KEY (felhasznalo_id) REFERENCES public."Felhasznalo"(id);


--
-- TOC entry 4834 (class 2606 OID 17197)
-- Name: Feladat Feladat_letrehozo_id_fkey; Type: FK CONSTRAINT; Schema: public; Owner: postgres
--

ALTER TABLE ONLY public."Feladat"
    ADD CONSTRAINT "Feladat_letrehozo_id_fkey" FOREIGN KEY (letrehozo_id) REFERENCES public."Felhasznalo"(id);


--
-- TOC entry 4835 (class 2606 OID 17192)
-- Name: Feladat Feladat_projekt_id_fkey; Type: FK CONSTRAINT; Schema: public; Owner: postgres
--

ALTER TABLE ONLY public."Feladat"
    ADD CONSTRAINT "Feladat_projekt_id_fkey" FOREIGN KEY (projekt_id) REFERENCES public."Projekt"(id);


--
-- TOC entry 4841 (class 2606 OID 17227)
-- Name: File File_beadas_id_fkey; Type: FK CONSTRAINT; Schema: public; Owner: postgres
--

ALTER TABLE ONLY public."File"
    ADD CONSTRAINT "File_beadas_id_fkey" FOREIGN KEY (beadas_id) REFERENCES public."Beadas"(id);


--
-- TOC entry 4842 (class 2606 OID 17232)
-- Name: File File_felhasznalo_id_fkey; Type: FK CONSTRAINT; Schema: public; Owner: postgres
--

ALTER TABLE ONLY public."File"
    ADD CONSTRAINT "File_felhasznalo_id_fkey" FOREIGN KEY (felhasznalo_id) REFERENCES public."Felhasznalo"(id);


--
-- TOC entry 4848 (class 2606 OID 17272)
-- Name: Naplo Naplo_feladat_id_fkey; Type: FK CONSTRAINT; Schema: public; Owner: postgres
--

ALTER TABLE ONLY public."Naplo"
    ADD CONSTRAINT "Naplo_feladat_id_fkey" FOREIGN KEY (feladat_id) REFERENCES public."Feladat"(id);


--
-- TOC entry 4849 (class 2606 OID 17262)
-- Name: Naplo Naplo_felhasznalo_id_fkey; Type: FK CONSTRAINT; Schema: public; Owner: postgres
--

ALTER TABLE ONLY public."Naplo"
    ADD CONSTRAINT "Naplo_felhasznalo_id_fkey" FOREIGN KEY (felhasznalo_id) REFERENCES public."Felhasznalo"(id);


--
-- TOC entry 4850 (class 2606 OID 17267)
-- Name: Naplo Naplo_projekt_id_fkey; Type: FK CONSTRAINT; Schema: public; Owner: postgres
--

ALTER TABLE ONLY public."Naplo"
    ADD CONSTRAINT "Naplo_projekt_id_fkey" FOREIGN KEY (projekt_id) REFERENCES public."Projekt"(id);


--
-- TOC entry 4832 (class 2606 OID 17187)
-- Name: ProjektTag ProjektTag_felhasznalo_id_fkey; Type: FK CONSTRAINT; Schema: public; Owner: postgres
--

ALTER TABLE ONLY public."ProjektTag"
    ADD CONSTRAINT "ProjektTag_felhasznalo_id_fkey" FOREIGN KEY (felhasznalo_id) REFERENCES public."Felhasznalo"(id);


--
-- TOC entry 4833 (class 2606 OID 17182)
-- Name: ProjektTag ProjektTag_projekt_id_fkey; Type: FK CONSTRAINT; Schema: public; Owner: postgres
--

ALTER TABLE ONLY public."ProjektTag"
    ADD CONSTRAINT "ProjektTag_projekt_id_fkey" FOREIGN KEY (projekt_id) REFERENCES public."Projekt"(id);


--
-- TOC entry 4831 (class 2606 OID 17177)
-- Name: Projekt Projekt_letrehozo_id_fkey; Type: FK CONSTRAINT; Schema: public; Owner: postgres
--

ALTER TABLE ONLY public."Projekt"
    ADD CONSTRAINT "Projekt_letrehozo_id_fkey" FOREIGN KEY (letrehozo_id) REFERENCES public."Felhasznalo"(id);


--
-- TOC entry 4846 (class 2606 OID 17252)
-- Name: Statisztika Statisztika_felhasznalo_id_fkey; Type: FK CONSTRAINT; Schema: public; Owner: postgres
--

ALTER TABLE ONLY public."Statisztika"
    ADD CONSTRAINT "Statisztika_felhasznalo_id_fkey" FOREIGN KEY (felhasznalo_id) REFERENCES public."Felhasznalo"(id);


--
-- TOC entry 4847 (class 2606 OID 17257)
-- Name: Statisztika Statisztika_projekt_id_fkey; Type: FK CONSTRAINT; Schema: public; Owner: postgres
--

ALTER TABLE ONLY public."Statisztika"
    ADD CONSTRAINT "Statisztika_projekt_id_fkey" FOREIGN KEY (projekt_id) REFERENCES public."Projekt"(id);


--
-- TOC entry 4843 (class 2606 OID 17242)
-- Name: Uzenet Uzenet_fogado_id_fkey; Type: FK CONSTRAINT; Schema: public; Owner: postgres
--

ALTER TABLE ONLY public."Uzenet"
    ADD CONSTRAINT "Uzenet_fogado_id_fkey" FOREIGN KEY (fogado_id) REFERENCES public."Felhasznalo"(id);


--
-- TOC entry 4844 (class 2606 OID 17237)
-- Name: Uzenet Uzenet_kuldo_id_fkey; Type: FK CONSTRAINT; Schema: public; Owner: postgres
--

ALTER TABLE ONLY public."Uzenet"
    ADD CONSTRAINT "Uzenet_kuldo_id_fkey" FOREIGN KEY (kuldo_id) REFERENCES public."Felhasznalo"(id);


--
-- TOC entry 4845 (class 2606 OID 17247)
-- Name: Uzenet Uzenet_projekt_id_fkey; Type: FK CONSTRAINT; Schema: public; Owner: postgres
--

ALTER TABLE ONLY public."Uzenet"
    ADD CONSTRAINT "Uzenet_projekt_id_fkey" FOREIGN KEY (projekt_id) REFERENCES public."Projekt"(id);


-- Completed on 2025-11-26 13:14:32

--
-- PostgreSQL database dump complete
--

\unrestrict 228DVahB6MpK2bFc9VsRl7gYl3o3Okq7xje1xQgHydGadxOSJsj3lh6nVFLQQ6r

