--
-- TOC entry 5022 (class 0 OID 18351)
-- Dependencies: 222
-- Data for Name: Felhasznalo; Type: TABLE DATA; Schema: public; Owner: postgres
--

INSERT INTO public."Felhasznalo" (id, felhasznalonev, jelszo, email, teljes_nev, szerep_tipus, letrehozas_idopont, utolso_bejelentkezes, elerheto, aktiv, email_megerositve, email_megerosito_token, email_megerosites_hatarido, reaktivacio_token, reaktivacio_hatarido) VALUES (10, 'testuser_', '$2b$10$/x7NrBKrSPNjlIens3Pq7uaVvhM/vs2sUVySw6PtI0Q.B2ngyNmlm', 'test_@example.com', 'Test User', 'diak', '2026-02-24 09:36:11.823149', NULL, true, true, true, NULL, NULL, NULL, NULL);
INSERT INTO public."Felhasznalo" (id, felhasznalonev, jelszo, email, teljes_nev, szerep_tipus, letrehozas_idopont, utolso_bejelentkezes, elerheto, aktiv, email_megerositve, email_megerosito_token, email_megerosites_hatarido, reaktivacio_token, reaktivacio_hatarido) VALUES (11, 'testuser_1771923237740', '$2b$10$N.ZgZ.z/8JuKAFsgvtda4Of3PNZ19Y2Lk1kU9QZkXdyOOgpSDbuOG', 'test_1771923237740@example.com', 'Test User', 'diak', '2026-02-24 09:53:57.916499', NULL, true, true, true, NULL, NULL, NULL, NULL);
INSERT INTO public."Felhasznalo" (id, felhasznalonev, jelszo, email, teljes_nev, szerep_tipus, letrehozas_idopont, utolso_bejelentkezes, elerheto, aktiv, email_megerositve, email_megerosito_token, email_megerosites_hatarido, reaktivacio_token, reaktivacio_hatarido) VALUES (2, 'tanar_eva', '$2a$10$EQmzyt3sZRI2pDkCltyc4u0G8XgySg5gagvhLLVh1SC5fXsMvHPPy', 'eva.tanar@iskola.hu', 'Kiss Éva', 'tanar', '2025-11-07 11:13:42.386328', '2024-05-19 14:22:00', true, true, true, NULL, NULL, NULL, NULL);
INSERT INTO public."Felhasznalo" (id, felhasznalonev, jelszo, email, teljes_nev, szerep_tipus, letrehozas_idopont, utolso_bejelentkezes, elerheto, aktiv, email_megerositve, email_megerosito_token, email_megerosites_hatarido, reaktivacio_token, reaktivacio_hatarido) VALUES (3, 'diak_peter', '$2a$10$0X0s1Yj8Vq5FPhNpt6Z73OR4RuXvpLaf8B4APJY1tui7daclpmykC', 'peter.diak@iskola.hu', 'Kovács Péter', 'diak', '2025-11-07 11:13:42.386328', '2024-05-21 09:15:00', true, true, true, NULL, NULL, NULL, NULL);
INSERT INTO public."Felhasznalo" (id, felhasznalonev, jelszo, email, teljes_nev, szerep_tipus, letrehozas_idopont, utolso_bejelentkezes, elerheto, aktiv, email_megerositve, email_megerosito_token, email_megerosites_hatarido, reaktivacio_token, reaktivacio_hatarido) VALUES (5, 'diak_zoltan', '$2a$10$6lY60rykZ7AULBOZ3UMpa.0exXoU26fa6AUJEIjNTn56clZaz9PLK', 'zoltan.diak@iskola.hu', 'Tóth Zoltán', 'diak', '2025-11-07 11:13:42.386328', '2024-05-21 11:05:00', true, true, true, NULL, NULL, NULL, NULL);
INSERT INTO public."Felhasznalo" (id, felhasznalonev, jelszo, email, teljes_nev, szerep_tipus, letrehozas_idopont, utolso_bejelentkezes, elerheto, aktiv, email_megerositve, email_megerosito_token, email_megerosites_hatarido, reaktivacio_token, reaktivacio_hatarido) VALUES (6, 'diak_mark', '$2a$10$61.7U2bTVJVhvrRX/UOUT.HXzl.BpnI89dCIgyJ.AEVRnmOKF5w8e', 'mark.diak@iskola.hu', 'Magyar Márk', 'diak', '2025-11-14 13:19:53.011461', '2025-11-18 08:58:05.007663', true, true, true, NULL, NULL, NULL, NULL);
INSERT INTO public."Felhasznalo" (id, felhasznalonev, jelszo, email, teljes_nev, szerep_tipus, letrehozas_idopont, utolso_bejelentkezes, elerheto, aktiv, email_megerositve, email_megerosito_token, email_megerosites_hatarido, reaktivacio_token, reaktivacio_hatarido) VALUES (43, 'testuser_1772133780756', NULL, NULL, NULL, 'diak', '2026-02-26 20:23:00.892116', '2026-02-26 20:23:01.007796', false, false, true, NULL, NULL, NULL, NULL);
INSERT INTO public."Felhasznalo" (id, felhasznalonev, jelszo, email, teljes_nev, szerep_tipus, letrehozas_idopont, utolso_bejelentkezes, elerheto, aktiv, email_megerositve, email_megerosito_token, email_megerosites_hatarido, reaktivacio_token, reaktivacio_hatarido) VALUES (7, 'diak_robi', NULL, NULL, NULL, 'diak', '2025-11-18 10:39:56.449251', '2026-01-30 18:23:25.333485', true, false, true, NULL, NULL, NULL, NULL);
INSERT INTO public."Felhasznalo" (id, felhasznalonev, jelszo, email, teljes_nev, szerep_tipus, letrehozas_idopont, utolso_bejelentkezes, elerheto, aktiv, email_megerositve, email_megerosito_token, email_megerosites_hatarido, reaktivacio_token, reaktivacio_hatarido) VALUES (41, 'testuser_1772132922263', NULL, NULL, NULL, 'diak', '2026-02-26 20:08:42.559709', '2026-02-26 20:08:43.260485', false, false, true, NULL, NULL, NULL, NULL);
INSERT INTO public."Felhasznalo" (id, felhasznalonev, jelszo, email, teljes_nev, szerep_tipus, letrehozas_idopont, utolso_bejelentkezes, elerheto, aktiv, email_megerositve, email_megerosito_token, email_megerosites_hatarido, reaktivacio_token, reaktivacio_hatarido) VALUES (17, 'testuser_1771924605398', NULL, NULL, NULL, 'diak', '2026-02-24 10:16:45.541686', '2026-02-24 10:16:45.687789', false, false, true, NULL, NULL, NULL, NULL);
INSERT INTO public."Felhasznalo" (id, felhasznalonev, jelszo, email, teljes_nev, szerep_tipus, letrehozas_idopont, utolso_bejelentkezes, elerheto, aktiv, email_megerositve, email_megerosito_token, email_megerosites_hatarido, reaktivacio_token, reaktivacio_hatarido) VALUES (4, 'diak_anna', '$2b$10$KxmqfFKDovxywgfZuBajVOGFc7KCda0Tsx3JGv.N9I6F9lB68bcW.', 'anna.diak@iskola.hu', 'Szabó Anna', 'diak', '2025-11-07 11:13:42.386328', '2026-02-18 13:33:17.633027', true, true, true, NULL, NULL, NULL, NULL);
INSERT INTO public."Felhasznalo" (id, felhasznalonev, jelszo, email, teljes_nev, szerep_tipus, letrehozas_idopont, utolso_bejelentkezes, elerheto, aktiv, email_megerositve, email_megerosito_token, email_megerosites_hatarido, reaktivacio_token, reaktivacio_hatarido) VALUES (9, 'testuser', '$2b$10$TBUqyLJPIGbTtZjbyi.jCuV8780S2ppy5Wly9vJ7oHsgo0KaOPdX.', 'test@example.com', 'Test User', 'diak', '2026-02-24 00:22:29.228212', NULL, true, true, true, NULL, NULL, NULL, NULL);
INSERT INTO public."Felhasznalo" (id, felhasznalonev, jelszo, email, teljes_nev, szerep_tipus, letrehozas_idopont, utolso_bejelentkezes, elerheto, aktiv, email_megerositve, email_megerosito_token, email_megerosites_hatarido, reaktivacio_token, reaktivacio_hatarido) VALUES (8, 'ujfelhasznalo', '$2b$10$fnqG1I4Xkixp41kDhvbvLuqGvXLauyfI/fhpIun1ls3NGMAFaOwrq', 'user@example.com', 'Kiss Peter', 'diak', '2026-02-17 21:21:03.579206', '2026-02-27 11:01:00.253586', true, true, true, NULL, NULL, NULL, NULL);
INSERT INTO public."Felhasznalo" (id, felhasznalonev, jelszo, email, teljes_nev, szerep_tipus, letrehozas_idopont, utolso_bejelentkezes, elerheto, aktiv, email_megerositve, email_megerosito_token, email_megerosites_hatarido, reaktivacio_token, reaktivacio_hatarido) VALUES (29, 'testuser_1771931741133', '$2b$10$rY/iQ2vLPrM5J58Qb0nLFOzRx8NT42dlmAzG7N90MT0ZofhaBmeda', 'test_1771931741133@example.com', 'Test User', 'diak', '2026-02-24 12:15:41.433128', NULL, true, true, true, NULL, NULL, NULL, NULL);
INSERT INTO public."Felhasznalo" (id, felhasznalonev, jelszo, email, teljes_nev, szerep_tipus, letrehozas_idopont, utolso_bejelentkezes, elerheto, aktiv, email_megerositve, email_megerosito_token, email_megerosites_hatarido, reaktivacio_token, reaktivacio_hatarido) VALUES (1, 'tanar_janos', '$2a$10$c79PHSHvM90rpv1TnnF0SOjfqCgBYGYQa4z.fvuEWwlYybpMLnt1q', 'janos.tanar@iskola.hu', 'Nagy János', 'tanar', '2025-11-07 11:13:42.386328', '2026-02-27 11:27:28.983183', true, true, true, NULL, NULL, NULL, NULL);
INSERT INTO public."Felhasznalo" (id, felhasznalonev, jelszo, email, teljes_nev, szerep_tipus, letrehozas_idopont, utolso_bejelentkezes, elerheto, aktiv, email_megerositve, email_megerosito_token, email_megerosites_hatarido, reaktivacio_token, reaktivacio_hatarido) VALUES (35, 'testuser_1771932806754', NULL, NULL, NULL, 'diak', '2026-02-24 12:33:27.287641', '2026-02-24 12:33:27.428183', false, false, true, NULL, NULL, NULL, NULL);
INSERT INTO public."Felhasznalo" (id, felhasznalonev, jelszo, email, teljes_nev, szerep_tipus, letrehozas_idopont, utolso_bejelentkezes, elerheto, aktiv, email_megerositve, email_megerosito_token, email_megerosites_hatarido, reaktivacio_token, reaktivacio_hatarido) VALUES (30, 'testuser_1771931747449', NULL, NULL, NULL, 'diak', '2026-02-24 12:15:47.741571', '2026-02-24 12:15:47.966338', false, false, true, NULL, NULL, NULL, NULL);
INSERT INTO public."Felhasznalo" (id, felhasznalonev, jelszo, email, teljes_nev, szerep_tipus, letrehozas_idopont, utolso_bejelentkezes, elerheto, aktiv, email_megerositve, email_megerosito_token, email_megerosites_hatarido, reaktivacio_token, reaktivacio_hatarido) VALUES (32, 'testuser_1771932393671', NULL, NULL, NULL, 'diak', '2026-02-24 12:26:33.869429', '2026-02-24 12:26:33.99303', false, false, true, NULL, NULL, NULL, NULL);
INSERT INTO public."Felhasznalo" (id, felhasznalonev, jelszo, email, teljes_nev, szerep_tipus, letrehozas_idopont, utolso_bejelentkezes, elerheto, aktiv, email_megerositve, email_megerosito_token, email_megerosites_hatarido, reaktivacio_token, reaktivacio_hatarido) VALUES (33, 'testuser_1771932505140', NULL, NULL, NULL, 'diak', '2026-02-24 12:28:25.48512', '2026-02-24 12:28:25.905356', false, false, true, NULL, NULL, NULL, NULL);
INSERT INTO public."Felhasznalo" (id, felhasznalonev, jelszo, email, teljes_nev, szerep_tipus, letrehozas_idopont, utolso_bejelentkezes, elerheto, aktiv, email_megerositve, email_megerosito_token, email_megerosites_hatarido, reaktivacio_token, reaktivacio_hatarido) VALUES (36, 'testuser_1772011670196', NULL, NULL, NULL, 'diak', '2026-02-25 10:27:50.487963', '2026-02-25 10:27:50.642232', false, false, true, NULL, NULL, NULL, NULL);
INSERT INTO public."Felhasznalo" (id, felhasznalonev, jelszo, email, teljes_nev, szerep_tipus, letrehozas_idopont, utolso_bejelentkezes, elerheto, aktiv, email_megerositve, email_megerosito_token, email_megerosites_hatarido, reaktivacio_token, reaktivacio_hatarido) VALUES (34, 'testuser_1771932564918', NULL, NULL, NULL, 'diak', '2026-02-24 12:29:25.18181', '2026-02-24 12:29:25.537164', false, false, true, NULL, NULL, NULL, NULL);
INSERT INTO public."Felhasznalo" (id, felhasznalonev, jelszo, email, teljes_nev, szerep_tipus, letrehozas_idopont, utolso_bejelentkezes, elerheto, aktiv, email_megerositve, email_megerosito_token, email_megerosites_hatarido, reaktivacio_token, reaktivacio_hatarido) VALUES (53, 'diak_huba', '$2b$10$QRlsdikQxzN9J0/l1r/JZ.jMYrK3V0wZeAxXDrBRND9T19YrWzcTO', 'nagy.huba.kende@diak.szbi-pg.hu', 'Nagy Huba', 'diak', '2026-03-22 23:26:09.047915', NULL, true, true, true, NULL, NULL, NULL, NULL);
INSERT INTO public."Felhasznalo" (id, felhasznalonev, jelszo, email, teljes_nev, szerep_tipus, letrehozas_idopont, utolso_bejelentkezes, elerheto, aktiv, email_megerositve, email_megerosito_token, email_megerosites_hatarido, reaktivacio_token, reaktivacio_hatarido) VALUES (52, 'admin_', '$2b$10$KkUiqjZk.XGALOSbG3ouSuGtXkBIkvfHcVf/fQKMS4b3Ioqy66i12', 'admin@admin.com', 'Admin Isztrátor', 'admin', '2026-03-12 16:41:22.225109', '2026-03-24 22:15:06.30213', true, true, true, NULL, NULL, NULL, NULL);

--
-- TOC entry 5009 (class 0 OID 17075)
-- Dependencies: 220
-- Data for Name: Projekt; Type: TABLE DATA; Schema: public; Owner: postgres
--

INSERT INTO public."Projekt" (id, projekt_nev, leiras, letrehozo_id, statusz, letrehozas_idopont, hatarido) VALUES (1, 'Weboldal fejlesztés', 'Egy tanulmányi portál létrehozása', 1, 'folyamatban', '2025-11-07 11:13:42.392914', '2024-06-30 23:59:00');
INSERT INTO public."Projekt" (id, projekt_nev, leiras, letrehozo_id, statusz, letrehozas_idopont, hatarido) VALUES (2, 'Adatbázis optimalizálás', 'Lekérdezések gyorsítása és indexelés', 2, 'tervezés', '2025-11-07 11:13:42.392914', '2024-07-15 23:59:00');
INSERT INTO public."Projekt" (id, projekt_nev, leiras, letrehozo_id, statusz, letrehozas_idopont, hatarido) VALUES (3, 'Proba', 'proba projekt leirasa', 1, 'folyamatban', '2026-02-17 22:06:35.968716', '2026-04-05 23:59:00');
INSERT INTO public."Projekt" (id, projekt_nev, leiras, letrehozo_id, statusz, letrehozas_idopont, hatarido) VALUES (4, 'Proba', 'proba projekt leirasa', 1, 'folyamatban', '2026-02-17 22:07:09.836013', '2026-04-05 23:59:00');
INSERT INTO public."Projekt" (id, projekt_nev, leiras, letrehozo_id, statusz, letrehozas_idopont, hatarido) VALUES (5, 'Proba', 'proba projekt leirasa', 1, 'folyamatban', '2026-02-17 22:07:14.953553', '2026-04-05 23:59:00');
INSERT INTO public."Projekt" (id, projekt_nev, leiras, letrehozo_id, statusz, letrehozas_idopont, hatarido) VALUES (6, 'Proba', 'proba projekt leirasa', 1, 'folyamatban', '2026-02-18 12:10:51.608205', '2026-04-05 23:59:00');
INSERT INTO public."Projekt" (id, projekt_nev, leiras, letrehozo_id, statusz, letrehozas_idopont, hatarido) VALUES (7, 'Proba', 'proba projekt leirasa', 1, 'folyamatban', '2026-02-18 12:11:08.452641', '2026-04-05 23:59:00');
INSERT INTO public."Projekt" (id, projekt_nev, leiras, letrehozo_id, statusz, letrehozas_idopont, hatarido) VALUES (8, 'Proba', 'proba projekt leirasa', 1, 'folyamatban', '2026-02-18 12:13:30.180647', '2026-04-05 23:59:00');
INSERT INTO public."Projekt" (id, projekt_nev, leiras, letrehozo_id, statusz, letrehozas_idopont, hatarido) VALUES (9, 'Proba', 'proba projekt leirasa', 1, 'folyamatban', '2026-02-18 12:19:47.271833', '2026-04-05 23:59:00');
INSERT INTO public."Projekt" (id, projekt_nev, leiras, letrehozo_id, statusz, letrehozas_idopont, hatarido) VALUES (10, 'Proba', 'proba projekt leirasa', 1, 'folyamatban', '2026-02-18 12:21:57.652255', '2026-04-05 23:59:00');
INSERT INTO public."Projekt" (id, projekt_nev, leiras, letrehozo_id, statusz, letrehozas_idopont, hatarido) VALUES (11, 'Proba', 'proba projekt leirasa', 1, 'folyamatban', '2026-02-18 12:23:45.394367', '2026-04-05 23:59:00');
INSERT INTO public."Projekt" (id, projekt_nev, leiras, letrehozo_id, statusz, letrehozas_idopont, hatarido) VALUES (12, 'Proba', 'proba projekt leirasa', 1, 'folyamatban', '2026-02-18 12:24:10.916701', '2026-04-05 23:59:00');
INSERT INTO public."Projekt" (id, projekt_nev, leiras, letrehozo_id, statusz, letrehozas_idopont, hatarido) VALUES (13, 'Proba', 'proba projekt leirasa', 1, 'folyamatban', '2026-02-18 12:26:02.026947', '2026-04-05 23:59:00');

--
-- TOC entry 5011 (class 0 OID 17094)
-- Dependencies: 222
-- Data for Name: Feladat; Type: TABLE DATA; Schema: public; Owner: postgres
--

INSERT INTO public."Feladat" (id, projekt_id, feladat_nev, feladat_leiras, letrehozo_id, felelos_id, prioritas, statusz, hatarido, letrehozas_idopont, modositas_idopont) VALUES (1, 1, 'Frontend készítés', 'React alkalmazás fejlesztése', 1, 3, 'magas', 'folyamatban', '2024-06-10 23:59:00', '2025-11-07 11:13:42.39724', NULL);
INSERT INTO public."Feladat" (id, projekt_id, feladat_nev, feladat_leiras, letrehozo_id, felelos_id, prioritas, statusz, hatarido, letrehozas_idopont, modositas_idopont) VALUES (2, 1, 'Backend API', 'Node.js REST API implementálása', 1, 4, 'közepes', 'elvégzve', '2024-06-05 23:59:00', '2025-11-07 11:13:42.39724', NULL);
INSERT INTO public."Feladat" (id, projekt_id, feladat_nev, feladat_leiras, letrehozo_id, felelos_id, prioritas, statusz, hatarido, letrehozas_idopont, modositas_idopont) VALUES (3, 2, 'Indextervezés', 'Táblák indexelése a gyorsabb elérésért', 2, 5, 'magas', 'folyamatban', '2024-07-01 23:59:00', '2025-11-07 11:13:42.39724', NULL);
INSERT INTO public."Feladat" (id, projekt_id, feladat_nev, feladat_leiras, letrehozo_id, felelos_id, prioritas, statusz, hatarido, letrehozas_idopont, modositas_idopont) VALUES (4, 1, 'Teszt feladat', 'új feladat hozzáadása', 1, 4, 'közepes', 'folyamatban', '2026-01-31 00:00:00', '2026-01-28 21:15:02.246327', NULL);
INSERT INTO public."Feladat" (id, projekt_id, feladat_nev, feladat_leiras, letrehozo_id, felelos_id, prioritas, statusz, hatarido, letrehozas_idopont, modositas_idopont) VALUES (13, 1, 'f2', 'asd', 1, 3, 'alacsony', 'folyamatban', '2026-02-07 00:00:00', '2026-01-28 21:21:08.894621', NULL);
INSERT INTO public."Feladat" (id, projekt_id, feladat_nev, feladat_leiras, letrehozo_id, felelos_id, prioritas, statusz, hatarido, letrehozas_idopont, modositas_idopont) VALUES (14, 1, 'f3', 'rtghtr', 1, 4, 'magas', 'folyamatban', '2026-02-08 00:00:00', '2026-01-28 21:25:23.975386', NULL);

--
-- TOC entry 5013 (class 0 OID 17120)
-- Dependencies: 224
-- Data for Name: Beadas; Type: TABLE DATA; Schema: public; Owner: postgres
--

INSERT INTO public."Beadas" (id, feladat_id, felhasznalo_id, tanar_id, pontszam, jegy, statusz, visszajelzes, bekuldes_idopont, ertekeles_idopont) VALUES (1, 2, 4, 1, 85, 5, 'elfogadva', 'Szép munka, reszponzív design.', '2025-11-07 11:13:42.401066', '2024-06-06 10:00:00');
INSERT INTO public."Beadas" (id, feladat_id, felhasznalo_id, tanar_id, pontszam, jegy, statusz, visszajelzes, bekuldes_idopont, ertekeles_idopont) VALUES (2, 3, 5, 2, NULL, NULL, 'beküldve', NULL, '2025-11-07 11:13:42.401066', NULL);
INSERT INTO public."Beadas" (id, feladat_id, felhasznalo_id, tanar_id, pontszam, jegy, statusz, visszajelzes, bekuldes_idopont, ertekeles_idopont) VALUES (3, 2, 4, 1, 67, 4, 'beküldve', 'asd', '2026-01-27 12:17:32.484947', NULL);
INSERT INTO public."Beadas" (id, feladat_id, felhasznalo_id, tanar_id, pontszam, jegy, statusz, visszajelzes, bekuldes_idopont, ertekeles_idopont) VALUES (4, 2, 4, 1, 62, NULL, 'ertekelt', 'Van még hova fejlődni', '2026-01-28 17:37:59.565495', NULL);
INSERT INTO public."Beadas" (id, feladat_id, felhasznalo_id, tanar_id, pontszam, jegy, statusz, visszajelzes, bekuldes_idopont, ertekeles_idopont) VALUES (5, 1, 3, 1, 90, NULL, 'ertekelt', 'Gyönyörű munka', '2026-01-28 18:05:21.353932', NULL);
INSERT INTO public."Beadas" (id, feladat_id, felhasznalo_id, tanar_id, pontszam, jegy, statusz, visszajelzes, bekuldes_idopont, ertekeles_idopont) VALUES (6, 1, 3, 1, 70, NULL, 'ertekelt', 'dsa', '2026-01-28 18:15:45.913225', '2026-01-28 17:15:45.886');
INSERT INTO public."Beadas" (id, feladat_id, felhasznalo_id, tanar_id, pontszam, jegy, statusz, visszajelzes, bekuldes_idopont, ertekeles_idopont) VALUES (7, 2, 4, 1, 99, NULL, 'ertekelt', 'lépá,dfgs', '2026-01-28 18:16:20.565368', '2026-01-28 17:16:20.514');
INSERT INTO public."Beadas" (id, feladat_id, felhasznalo_id, tanar_id, pontszam, jegy, statusz, visszajelzes, bekuldes_idopont, ertekeles_idopont) VALUES (8, 2, 4, 1, 30, NULL, 'ertekelt', 'hntghjmt', '2026-01-28 18:16:49.886536', '2026-01-28 17:16:49.881');
INSERT INTO public."Beadas" (id, feladat_id, felhasznalo_id, tanar_id, pontszam, jegy, statusz, visszajelzes, bekuldes_idopont, ertekeles_idopont) VALUES (9, 1, 3, 1, 26, NULL, 'ertekelt', 'páűőépááűéklkléáű', '2026-01-28 18:18:59.991958', '2026-01-28 17:18:59.985');
INSERT INTO public."Beadas" (id, feladat_id, felhasznalo_id, tanar_id, pontszam, jegy, statusz, visszajelzes, bekuldes_idopont, ertekeles_idopont) VALUES (10, 1, 3, 1, 71, 4, 'ertekelt', 'cvfgxfggfhdxfshdrg', '2026-01-28 18:36:09.763644', '2026-01-28 17:36:09.611');
INSERT INTO public."Beadas" (id, feladat_id, felhasznalo_id, tanar_id, pontszam, jegy, statusz, visszajelzes, bekuldes_idopont, ertekeles_idopont) VALUES (11, 2, 4, 1, 82, 5, 'ertekelt', ' bcv nbv bv bv b v', '2026-01-28 18:47:18.993272', '2026-01-28 17:47:18.943');
INSERT INTO public."Beadas" (id, feladat_id, felhasznalo_id, tanar_id, pontszam, jegy, statusz, visszajelzes, bekuldes_idopont, ertekeles_idopont) VALUES (12, 1, 3, 1, 100, 5, 'ertekelt', 'dsnjkfdnjkfdfgakmloéaefők---', '2026-01-28 19:41:07.748471', '2026-01-28 18:41:07.587');
INSERT INTO public."Beadas" (id, feladat_id, felhasznalo_id, tanar_id, pontszam, jegy, statusz, visszajelzes, bekuldes_idopont, ertekeles_idopont) VALUES (13, 2, 4, 1, 30, 1, 'ertekelt', '.............', '2026-01-28 19:49:54.035817', '2026-01-28 18:49:53.982');
INSERT INTO public."Beadas" (id, feladat_id, felhasznalo_id, tanar_id, pontszam, jegy, statusz, visszajelzes, bekuldes_idopont, ertekeles_idopont) VALUES (14, 14, 4, 1, 100, 2, 'ertekelt', ':)', '2026-01-31 00:18:55.923484', '2026-01-30 23:18:55.872');
INSERT INTO public."Beadas" (id, feladat_id, felhasznalo_id, tanar_id, pontszam, jegy, statusz, visszajelzes, bekuldes_idopont, ertekeles_idopont) VALUES (15, 13, 3, 1, 52, 2, 'ertekelt', ':(', '2026-01-31 00:25:31.380529', '2026-01-30 23:25:31.33');

--
-- TOC entry 5012 (class 0 OID 17108)
-- Dependencies: 223
-- Data for Name: FeladatKomment; Type: TABLE DATA; Schema: public; Owner: postgres
--

INSERT INTO public."FeladatKomment" (id, feladat_id, felhasznalo_id, komment_szoveg, letrehozas_idopont) VALUES (1, 1, 3, 'Az alap komponensek elkészültek.', '2025-11-07 11:13:42.399188');
INSERT INTO public."FeladatKomment" (id, feladat_id, felhasznalo_id, komment_szoveg, letrehozas_idopont) VALUES (2, 1, 1, 'Kérlek folytasd a státuszkezeléssel.', '2025-11-07 11:13:42.399188');
INSERT INTO public."FeladatKomment" (id, feladat_id, felhasznalo_id, komment_szoveg, letrehozas_idopont) VALUES (3, 3, 5, 'Megvan a fő tábla indexelve.', '2025-11-07 11:13:42.399188');

--
-- TOC entry 5014 (class 0 OID 17133)
-- Dependencies: 225
-- Data for Name: File; Type: TABLE DATA; Schema: public; Owner: postgres
--

INSERT INTO public."File" (id, beadas_id, felhasznalo_id, file_nev, file_meret, file_tipus, feltoltes_idopont, file_eleresiut) VALUES (1, 1, 4, 'backend_code.zip', 2048, 'application/zip', '2025-11-07 11:13:42.403031', NULL);
INSERT INTO public."File" (id, beadas_id, felhasznalo_id, file_nev, file_meret, file_tipus, feltoltes_idopont, file_eleresiut) VALUES (2, 2, 5, 'index_design.pdf', 512, 'application/pdf', '2025-11-07 11:13:42.403031', NULL);
INSERT INTO public."File" (id, beadas_id, felhasznalo_id, file_nev, file_meret, file_tipus, feltoltes_idopont, file_eleresiut) VALUES (3, 2, 3, 'window_adobe.png', 4821751, '.png', '2026-01-20 11:35:31.088', 'C:\Users\Nagy Huba\Desktop\SM_backend\files\window_adobe.png');
INSERT INTO public."File" (id, beadas_id, felhasznalo_id, file_nev, file_meret, file_tipus, feltoltes_idopont, file_eleresiut) VALUES (4, 2, 3, 'SAtOhKn.gif', 937140, '.gif', '2026-01-20 11:36:32.411', 'C:\Users\Nagy Huba\Desktop\SM_backend\files\SAtOhKn.gif');
INSERT INTO public."File" (id, beadas_id, felhasznalo_id, file_nev, file_meret, file_tipus, feltoltes_idopont, file_eleresiut) VALUES (8, NULL, 4, 'turbofan.gif', 1217218, '.gif', '2026-01-31 08:39:33.559', 'C:\Users\Nagy Huba\Desktop\bemutatas\SmartManager\SM_backend\files\turbofan.gif');


--
-- TOC entry 5017 (class 0 OID 17166)
-- Dependencies: 228
-- Data for Name: Naplo; Type: TABLE DATA; Schema: public; Owner: postgres
--

INSERT INTO public."Naplo" (id, felhasznalo_id, projekt_id, feladat_id, muvelet, leiras, idopont) VALUES (1, 3, 1, 1, 'Létrehozás', 'Feladat létrehozva és hozzárendelve.', '2025-11-07 11:13:42.411569');
INSERT INTO public."Naplo" (id, felhasznalo_id, projekt_id, feladat_id, muvelet, leiras, idopont) VALUES (2, 4, 1, 2, 'Beadás', 'API kód beküldve.', '2025-11-07 11:13:42.411569');
INSERT INTO public."Naplo" (id, felhasznalo_id, projekt_id, feladat_id, muvelet, leiras, idopont) VALUES (3, 4, 1, 4, 'feltöltés', '1 fájlt feltöltött', '2026-01-31 08:38:33.389931');
INSERT INTO public."Naplo" (id, felhasznalo_id, projekt_id, feladat_id, muvelet, leiras, idopont) VALUES (4, 4, 1, 4, 'törlés', 'Feltöltött fájlt törölt', '2026-01-31 08:39:16.73945');
INSERT INTO public."Naplo" (id, felhasznalo_id, projekt_id, feladat_id, muvelet, leiras, idopont) VALUES (5, 4, 1, 4, 'feltöltés', '1 fájlt feltöltött', '2026-01-31 08:39:35.321973');
INSERT INTO public."Naplo" (id, felhasznalo_id, projekt_id, feladat_id, muvelet, leiras, idopont) VALUES (6, 4, 1, 1, 'befejezve', '"Login komponens fejlesztése" feladat sikeresen befejezve', '2026-01-31 09:13:08.248524');
INSERT INTO public."Naplo" (id, felhasznalo_id, projekt_id, feladat_id, muvelet, leiras, idopont) VALUES (7, 4, 1, 14, 'feltöltés', '1 fájlt feltöltött', '2026-01-31 09:13:31.337907');
INSERT INTO public."Naplo" (id, felhasznalo_id, projekt_id, feladat_id, muvelet, leiras, idopont) VALUES (8, 4, 1, 14, 'törlés', 'Feltöltött fájlt törölt', '2026-01-31 09:13:40.313699');

--
-- TOC entry 5010 (class 0 OID 17086)
-- Dependencies: 221
-- Data for Name: ProjektTag; Type: TABLE DATA; Schema: public; Owner: postgres
--

INSERT INTO public."ProjektTag" (projekt_id, felhasznalo_id, csatlakozas_idopont) VALUES (1, 3, '2025-11-07 11:13:42.395066');
INSERT INTO public."ProjektTag" (projekt_id, felhasznalo_id, csatlakozas_idopont) VALUES (1, 4, '2025-11-07 11:13:42.395066');
INSERT INTO public."ProjektTag" (projekt_id, felhasznalo_id, csatlakozas_idopont) VALUES (1, 5, '2025-11-07 11:13:42.395066');
INSERT INTO public."ProjektTag" (projekt_id, felhasznalo_id, csatlakozas_idopont) VALUES (2, 3, '2025-11-07 11:13:42.395066');
INSERT INTO public."ProjektTag" (projekt_id, felhasznalo_id, csatlakozas_idopont) VALUES (2, 4, '2025-11-07 11:13:42.395066');


--
-- TOC entry 5016 (class 0 OID 17156)
-- Dependencies: 227
-- Data for Name: Statisztika; Type: TABLE DATA; Schema: public; Owner: postgres
--

INSERT INTO public."Statisztika" (id, felhasznalo_id, projekt_id, statisztika_nev, ertek, meresi_idopont, pontszam, maxpontszam) VALUES (1, 3, 1, 'elkészült_feladatok', 5, '2025-11-07 11:13:42.409537', 92, 100);
INSERT INTO public."Statisztika" (id, felhasznalo_id, projekt_id, statisztika_nev, ertek, meresi_idopont, pontszam, maxpontszam) VALUES (2, 4, 1, 'elkészült_feladatok', 3, '2025-11-07 11:13:42.409537', 85, 100);
INSERT INTO public."Statisztika" (id, felhasznalo_id, projekt_id, statisztika_nev, ertek, meresi_idopont, pontszam, maxpontszam) VALUES (3, 2, 1, 'proba', 4, '2026-01-07 12:25:15.08458', 75, 100);
INSERT INTO public."Statisztika" (id, felhasznalo_id, projekt_id, statisztika_nev, ertek, meresi_idopont, pontszam, maxpontszam) VALUES (4, 3, 2, 'teszt', 3, '2026-01-20 09:23:28.558703', 80, 100);


--
-- TOC entry 5040 (class 0 OID 19541)
-- Dependencies: 240
-- Data for Name: Uzenet; Type: TABLE DATA; Schema: public; Owner: postgres
--

INSERT INTO public."Uzenet" (id, kuldo_id, fogado_id, projekt_id, uzenet_tartalom, allapot, kuldes_ideje, modositas_idopont) VALUES (3, 1, 3, NULL, 'Rendben, köszönöm.', 'nem_olvasott', '2026-01-30 00:12:14.117645', NULL);
INSERT INTO public."Uzenet" (id, kuldo_id, fogado_id, projekt_id, uzenet_tartalom, allapot, kuldes_ideje, modositas_idopont) VALUES (4, 1, 4, NULL, 'Üdv!', 'nem_olvasott', '2026-01-30 00:15:55.31073', NULL);
INSERT INTO public."Uzenet" (id, kuldo_id, fogado_id, projekt_id, uzenet_tartalom, allapot, kuldes_ideje, modositas_idopont) VALUES (2, 3, NULL, 1, 'Megvan az első verzió, holnap feltöltöm.', 'elküldve', '2025-11-07 11:13:42.407378', NULL);
INSERT INTO public."Uzenet" (id, kuldo_id, fogado_id, projekt_id, uzenet_tartalom, allapot, kuldes_ideje, modositas_idopont) VALUES (1, 1, NULL, 1, 'Kérlek küldd el a frontend haladást.', 'olvasott', '2025-11-07 11:13:42.407378', NULL);
INSERT INTO public."Uzenet" (id, kuldo_id, fogado_id, projekt_id, uzenet_tartalom, allapot, kuldes_ideje, modositas_idopont) VALUES (6, 1, 4, NULL, 'a', 'nem_olvasott', '2026-03-29 11:44:40.0279', NULL);
INSERT INTO public."Uzenet" (id, kuldo_id, fogado_id, projekt_id, uzenet_tartalom, allapot, kuldes_ideje, modositas_idopont) VALUES (7, 1, 4, NULL, 'a', 'nem_olvasott', '2026-03-29 11:44:42.152033', NULL);
INSERT INTO public."Uzenet" (id, kuldo_id, fogado_id, projekt_id, uzenet_tartalom, allapot, kuldes_ideje, modositas_idopont) VALUES (8, 1, 4, NULL, 'a', 'nem_olvasott', '2026-03-29 11:44:43.194909', NULL);
INSERT INTO public."Uzenet" (id, kuldo_id, fogado_id, projekt_id, uzenet_tartalom, allapot, kuldes_ideje, modositas_idopont) VALUES (9, 1, 4, NULL, 'a', 'nem_olvasott', '2026-03-29 11:44:44.124669', NULL);
INSERT INTO public."Uzenet" (id, kuldo_id, fogado_id, projekt_id, uzenet_tartalom, allapot, kuldes_ideje, modositas_idopont) VALUES (11, 1, 4, NULL, 'a', 'nem_olvasott', '2026-03-29 11:44:47.566986', NULL);
INSERT INTO public."Uzenet" (id, kuldo_id, fogado_id, projekt_id, uzenet_tartalom, allapot, kuldes_ideje, modositas_idopont) VALUES (10, 1, 4, NULL, 'asd', 'nem_olvasott', '2026-03-29 11:44:45.270515', NULL);
INSERT INTO public."Uzenet" (id, kuldo_id, fogado_id, projekt_id, uzenet_tartalom, allapot, kuldes_ideje, modositas_idopont) VALUES (14, 1, NULL, 1, 'ok.', 'nem_olvasott', '2026-03-29 12:25:42.049655', NULL);

--
-- TOC entry 5047 (class 0 OID 0)
-- Dependencies: 227
-- Name: Beadas_id_seq; Type: SEQUENCE SET; Schema: public; Owner: postgres
--

SELECT pg_catalog.setval('public."Beadas_id_seq"', 27, true);


--
-- TOC entry 5048 (class 0 OID 0)
-- Dependencies: 229
-- Name: FeladatKomment_id_seq; Type: SEQUENCE SET; Schema: public; Owner: postgres
--

SELECT pg_catalog.setval('public."FeladatKomment_id_seq"', 3, true);


--
-- TOC entry 5049 (class 0 OID 0)
-- Dependencies: 225
-- Name: Feladat_id_seq; Type: SEQUENCE SET; Schema: public; Owner: postgres
--

SELECT pg_catalog.setval('public."Feladat_id_seq"', 27, true);


--
-- TOC entry 5050 (class 0 OID 0)
-- Dependencies: 221
-- Name: Felhasznalo_id_seq; Type: SEQUENCE SET; Schema: public; Owner: postgres
--

SELECT pg_catalog.setval('public."Felhasznalo_id_seq"', 52, true);


--
-- TOC entry 5051 (class 0 OID 0)
-- Dependencies: 231
-- Name: File_id_seq; Type: SEQUENCE SET; Schema: public; Owner: postgres
--

SELECT pg_catalog.setval('public."File_id_seq"', 8, true);


--
-- TOC entry 5052 (class 0 OID 0)
-- Dependencies: 233
-- Name: Naplo_id_seq; Type: SEQUENCE SET; Schema: public; Owner: postgres
--

SELECT pg_catalog.setval('public."Naplo_id_seq"', 8, true);


--
-- TOC entry 5053 (class 0 OID 0)
-- Dependencies: 235
-- Name: ProjektTag_projekt_id_seq; Type: SEQUENCE SET; Schema: public; Owner: postgres
--

SELECT pg_catalog.setval('public."ProjektTag_projekt_id_seq"', 1, false);


--
-- TOC entry 5054 (class 0 OID 0)
-- Dependencies: 223
-- Name: Projekt_id_seq; Type: SEQUENCE SET; Schema: public; Owner: postgres
--

SELECT pg_catalog.setval('public."Projekt_id_seq"', 32, true);


--
-- TOC entry 5055 (class 0 OID 0)
-- Dependencies: 237
-- Name: Statisztika_id_seq; Type: SEQUENCE SET; Schema: public; Owner: postgres
--

SELECT pg_catalog.setval('public."Statisztika_id_seq"', 4, true);


--
-- TOC entry 5058 (class 0 OID 0)
-- Dependencies: 239
-- Name: Uzenet_id_seq; Type: SEQUENCE SET; Schema: public; Owner: postgres
--

SELECT pg_catalog.setval('public."Uzenet_id_seq"', 14, true);
